index,structure,energy,success,homo_lumo_gap,dipole_moment
4,edta_conformer_3_opt,-67.990437481234,True,2.4823000000000004,0.2
2,edta_conformer_4_opt,-67.988696656193,True,2.9995000000000003,0.558
0,edta_conformer_1_opt,-67.985403667323,True,2.9010999999999996,0.963
1,edta_conformer_0_opt,-67.984648424125,True,2.9804000000000004,-0.496
3,edta_conformer_2_opt,-67.982551512426,True,2.8137,0.244
